SEPTEMBER 16TH 2019,,,
HOSPITAL NO,SEX ,HB GENOTYPE,
H-0001,F,AA,
H-0002,F,AA,
H-0003,F,AS,
H-0032,F,AA,
H-0031,F,AA,
H-0004,F,AA,
H-0091,F,AA,
H-0005,M,AA,
H-0033,M,AC,
H-0034,F,AA,
H-0092,F,AS,
H-0036,F,AA,
H-0035,F,AA,
H-0093,F,AS,
H-0006,F,AS,
H-0038,F,AA,
H-0007,F,AA,
H-0094,F,AA,
H-0039,F,AA,
H-0095,F,AA,
H-0096,F,AA,
H-0037,M,AA,
H-0040,F,AA,
H-0041,F,AA,
H-0099,F,AS,
H-0103,F,AA,
H-0100,F,AA,
H-0042,F,AA,
H-0098,F,AA,
H-0104,F,AA,
,F,AA,
H-0044,F,AA,
H-0102,F,AA,
H-0049,F,AS,
H-0045,F,AA,
H-0008,M,AS,
H-0009,F,AA,
H-0014,F,AA,
H-0013,F,AA,
H-0010,F,AS,
H-0048,F,AA,
H-0047,F,AA,
H-0024,F,AS,
H-0015,M,AC,
H-0061,F,AA,
H-0201,F,AS,
H-0064,M,AA,
H-0026,M,AA,
H-0054,F,AA,
H-0065,M,AS,
H-0106,F,AC,
H-0105,F,AA,
H-0101,F,AA,
H-0051,F,AC,
H-0066,F,AA,
H-0067,M,AA,
H-0052,F,AA,
H-0050,F,AA,
H-0107,F,AS,
H-0012,F,AA,
H-0062,F,AA,
H-0018,F,AA,
H-0023,M,AA,
H-0175,F,AS,
H-0174,F,AA,
H-0173,F,AA,
H-0025,M,AA,
H-0108,F,AA,
H-0016,M,SS,
H-0055,F,AA,
H-0019,F,AA,
H-0020,F,AA,
H-0017,M,AS,
H-0046,M,AA,
H-0068,F,AS,
H-0011,M,AA,
H-0069,M,AA,
H-0126,F,AS,
H-0109,F,AA,
H-0171,F,AA,
H-0117,M,AA,
H-0172,F,AA,
H-0091,F,AA,
H-0204,F,AA,
H-0063,F,AA,
H-0169,F,AA,
H-0123,M,AA,
H-0145,M,AA,
H-0122,F,AA,
H-0206,F,AA,
H-0116,F,AA,
H-0115,F,AA,
H-0226,F,AS,
H-0209,F,AA,
H-0176,F,AA,
H-0127,F,AA,
H-0178,F,AS,
H-0119,F,AA,
H-0112,F,AA,
H-0124,F,AC,
H-0166,F,AS,
H-0165,M,AA,
H-0135,M,AA,
H-0128,M,AA,
H-0138,M,AA,
H-0113,M,AA,
H-0137,M,AA,
H-0114,M,AA,
H-0130,F,AA,
H-0200,M,AA,
H-0216,F,AA,
H-0022,F,AA,
H-0133,M,AA,
H-0203,F,AA,
H-0177,F,AS,
H-0029,F,AA,
H-0180,M,AS,
H-0179,F,AS,
H-0168,F,AA,
H-0181,F,AA,
H-0136,F,AA,
H-0170,F,AS,
H-0129,M,AA,
H-0211,F,AA,
H-0224,F,AA,
H-0227,M,AA,
H-0156,M,AA,
H-0225,F,AA,
H-0070,M,AS,
H-0218,F,AS,
H-0110,F,AA,
H-0111,F,AA,
G-0855,F,AA,
H-0217,M,AS,
H-0208,F,AA,
H-0303,F,AA,
H-0856,F,AA,
H-0300,F,AA,
G-0857,F,AA,
H-0139,M,AA,
H-0134,F,AA,
H-0143,F,AA,
H-0140,F,AA,
H-0259,F,AA,
H-0256,F,AA,
H-0257,F,AA,
H-0258,F,AA,
H-0051,F,AA,
H-0130,M,AA,
H-0221,M,AA,
H-0060,M,AA,
H-0059,M,AC,
H-0162,M,AA,
H-0232,F,AA,
H-0311,M,AS,
H-0231,F,SS,
H-0153,M,AA,
H-0202,F,AA,
H-0159,M,AS,
H-0210,F,AS,
H-0160,F,AS,
H-0120,F,AA,
H-0237,F,AA,
H-0142,F,AA,
H-0255,F,AS,
H-0150,M,AA,
H-0235,M,AA,
H-0132,M,AA,
H-0239,F,AA,
H-0118,M,AA,
H-0154,F,AA,
H-0233,F,AA,
H-0233,M,AA,
H-0214,M,AS,
H-0323,M,AA,
H-0243,F,AA,
H-0242,F,AA,
H-0245,F,AS,
H-0244,F,AA,
H-0234,F,AA,
H-0183,F,AA,
H-0157,M,AA,
H-0223,F,AA,
H-0161,F,AA,
H-0163,F,AA,
H-0144,F,AA,
H-0141,F,AA,
H-0219,F,AA,
H-0308,F,AS,
H-0241,F,AA,
H-0309,M,AC,
H-0222,F,AA,
H-0240,F,AA,
H-0276,F,AS,
H-0215,F,AA,
H-0228,M,AA,
H-0272,F,AA,
H-0238,F,AA,
H-0278,F,AA,
H-0305,F,AA,
F-1208,F,AA,
H-0301,F,SS,
H-0328,F,AS,
H-0021,F,AA,
H-0030,F,AA,
H-0027,M,AA,
H-0254,M,AA,
H-0158,F,AS,
H-0304,F,AA,
H-0325,F,AA,
H-0229,M,AA,
H-0247,F,AS,
H-0246,F,AA,
H-0248,F,AA,
H-0274,M,AA,
H-0028,F,AA,
H-0125,F,AS,
H-0207,F,AA,
H-0148,M,AA,
H-0205,F,AA,
H-0058,M,AA,
H-0269,F,AS,
H-0306,M,AA,
H-0268,F,AA,
H-0056,M,AA,
H-0121,F,AS,
H-0321,M,AA,
H-0191,M,AA,
H-0302,M,AA,
H-0311,F,AS,
H-0320,F,AA,
H-0319,F,AA,
H-0262,F,AS,
H-0149,M,AA,
H-0273,M,AA,
H-0260,F,AA,
H-0281,M,AA,
H-0195,M,AA,
H-0196,M,AA,
H-0310,M,AA,
H-0197,M,AA,
H-0359,M,AS,
H-0362,F,AS,
H-0182,F,AS,
H-0152,M,AA,
H-0250,F,AA,
H-0314,M,AA,
H-0151,M,AA,
H-0251,F,AA,
H-0155,F,AA,
H-0270,F,AS,
H-0360,F,AA,
H-0354,M,AA,
H-0363,F,AS,
H-0372,M,AA,
H-0212,F,AS,
H-0213,F,AA,
H-0318,F,AA,
H-0319,F,AA,
H-0365,F,AA,
H-0374,F,AS,
H-0375,M,SC,
H-0369,M,AA,
H-0366,F,AA,
H-0350,F,AS,
H-0368,F,AS,
H-0071,F,AA,
H-0356,M,AA,
H-0263,F,AA,
H-0382,M,AA,
H-0383,M,AA,
H-0389,M,AA,
H-0364,M,SC,
H-0390,F,AA,
H-0367,F,AA,
H-0352,F,AA,
H-0391,M,AA,
H-0361,M,AA,
H-0357,M,AA,
H-0358,M,AA,
H-0317,F,AA,
H-0236,F,AS,
H-0384,M,AA,
H-0322,M,AS,
H-0351,F,AA,
H-0131,M,AA,
H-0249,F,AA,
H-0313,M,AS,
H-0355,M,AA,
H-0187,M,AA,
H-0253,F,AA,
H-0380,F,AA,
H-0198,F,AA,
H-0287,M,AA,
H-0185,F,AC,
H-0307,M,AA,
H-0189,F,AA,
H-0386,M,AA,
H-0261,F,AS,
H-0353,F,AS,
H-0334,F,AA,
H-0394,F,AA,
H-0283,F,SC,
H-0312,M,AA,
H-0285,F,AA,
H-0252,M,AA,
H-0284,M,AA,
H-0264,F,AS,
H-0167,F,SS,
H-0199,F,AA,
H-0330,F,AA,
H-0186,F,AA,
H-0188,F,AA,
H-0398,F,AA,
H-0291,M,AA,
H-0295,F,AA,
H-0336,M,AA,
H-0277,F,AA,
H-0290,M,AA,
H-0388,F,AA,
H-0387,F,AA,
H-0279,F,AA,
G-0858,F,AS,
H-0271,M,AA,
H-0336,M,AS,
H-0192,M,AA,
H-0087,F,AA,
H-0280,M,AA,
H-0344,F,AA,
H-0193,M,AA,
H-0377,M,AS,
H-0373,M,AA,
H-0392,M,AA,
H-0088,F,AA,
H-0164,M,AA,
H-0074,F,AA,
H-0385,F,AA,
H-0393,F,AS,
H-0190,F,AS,
H-0266,M,AA,
H-0340,F,AA,
H-0339,F,AA,
H-0343,F,AA,
H-0297,F,AA,
H-0395,F,AA,
H-0335,F,AA,
H-0341,F,AA,
H-0346,F,AA,
H-0381,M,AA,
H-0084,M,AA,
H-0072,M,AA,
H-0338,F,AA,
H-0296,F,AA,
H-0292,F,AA,
H-0085,M,AA,
H-0337,M,AA,
H-0275,F,AS,
H-0316,F,AA,
H-0342,F,AA,
H-0293,F,AA,
H-0080,F,AA,
H-0286,F,AA,
H-0400,M,AA,
H-0406,M,AA,
H-0405,M,AA,
H-0090,M,AS,
H-0429,F,AA,
H-0426,M,AA,
H-0288,F,AS,
H-0423,F,AS,
H-0089,M,AA,
H-0078,F,AA,
H-0079,F,AA,
H-0082,F,AS,
H-0347,F,AA,
H-0299,M,AA,
H-0396,M,AA,
H-0077,F,AA,
H-0282,F,SS,
H-0315,F,AA,
H-0424,M,AA,
H-0421,M,AC,
H-0422,M,AA,
H-0430,M,AA,
H-0376,F,AA,
H-0220,F,AA,
H-0333,M,AS,
H-0428,F,AA,
H-0267,M,AS,
H-0332,M,AS,
H-0289,M,AS,
H-0407,F,AA,
H-0427,M,AA,
H-0408,M,AA,
H-0424,M,AS,
H-0433,F,AA,
H-0075,M,AA,
H-0397,M,AS,
H-0420,F,AA,
H-0419,F,AA,
H-0086,M,AA,
H-0053,M,AS,
H-0434,M,AS,
H-0146,M,AA,
H-0432,F,AA,
H-0431,F,AA,
H-0435,F,AA,
H-0437,F,AA,
H-0410,M,AA,
H-0184,M,AA,
H-0076,M,AA,
H-0438,F,AA,
H-0440,M,AA,
H-0409,M,AA,
H-0411,F,AS,
H-0439,F,AS,
H-0441,F,AA,
H-0354,F,AA,
H-0403,F,AA,
H-0402,F,AA,
H-0442,M,AA,
H-0443,M,AS,
H-0327,F,AA,
H-0326,F,AA,
H-0404,M,AS,
H-0444,M,AA,
H-0371,M,AS,
H-0349,M,AA,
H-0370,M,AA,
H-0348,F,AA,
H-0414,M,AS,
H-0416,F,AA,
H-0415,F,AS,
H-0412,F,AS,
H-0083,M,AA,
H-0073,M,AA,
H-0413,M,AA,
H-0447,F,AA,
H-0446,F,AA,
H-0417,M,AA,
H-0081,M,AS,
,F,AA,
H-0401,F,AA,
H-0445,F,AA,
H-0459,F,AA,
G-0861,F,AA,
G-0865,F,AA,
H-0461,F,AA,
G-0865,F,AA,
H-0858,F,AC,
H-0460,M,AA,
H-0464,M,AA,
H-0465,M,AA,
G-0859,F,AA,
H-0463,M,AA,
H-0469,F,AA,
H-0466,F,AS,
H-0467,F,AA,
G-0870,F,AC,
G-0868,F,AC,
G-08871,F,AA,
G-0869,F,AS,
H-0468,M,AA,
H-0471,M,AA,
H-0470,M,AA,
G-0872,F,AA,
H-0473,F,AA,
H-0418,M,AS,
H-0475,M,AS,
H-0472,F,AS,
H-0474,F,AA,
H-0453,F,AA,
H-0455,F,AA,
H-0452,F,AA,
H-0456,M,AA,
H-0457,F,AA,
H-0476,F,AA,
H-0450,M,AA,
H-0477,F,AA,
H-0147,M,AA,
H-0451,M,AA,
H-0480,F,AA,
H-0478,F,AA,
H-0479,F,AA,
H-0482,M,AA,
H-0481,M,AA,
H-0265,M,AA,
H-0484,F,AC,
H-0483,M,AS,
H-0486,M,AA,
H-0298,M,AS,
H-0329,M,AS,
H-0449,M,AS,
H-0489,F,AA,
001/19/20,M,AA,
G-0873,M,AA,
H-0487,M,AS,
H-0490,M,AS,
H-O492,M,AA,
H-0496,M,AA,
G-0874,M,AS,
H-0488,F,AA,
H-0491,M,AC,
H-0497,M,AA,
H-0454,F,AA,
D-0499,F,AC,
H-0505,F,AA,
H-0506,F,AA,
H-0507,F,AA,
H-0509,F,AA,
H-0498,F,AS,
G-0875,F,AA,
H-0513,M,AA,
G-0876,F,AA,
H-0508,M,AA,
H-0572,M,AA,
H-0510,F,AA,
H-0514,F,AS,
H-0399,F,AA,
H-0515,M,AS,
H-0501,F,AS,
H-0500,M,AS,
H-0517,M,AS,
H-0518,F,AA,
H-0520,F,AA,
H-0521,F,AA,
H-0578,M,AS,
H-0519,M,AA,
H-0522,F,AA,
H-0523,M,AS,
G-0878,F,AS,
G-0877,F,AS,
G-0879,M,AA,
H-0525,F,AS,
H-0530,M,AA,
H-0524,F,AA,
H-0531,F,AA,
H-0527,F,AA,
H-0529,F,AS,
H-0528,F,AA,
H-0526,F,AS,
G-0881,F,AA,
F-1199,M,SS,
H-0532,M,AA,
H-0534,M,AA,
H-0502,M,AA,
H-0536,F,AS,
H-0541,M,AS,
H-0542,M,AA,
H-0548,M,AA,
H-0544,F,AA,
H-0545,F,AA,
H-0511,F,AA,
H-0888,F,AA,
H-0539,F,AA,
H-0537,F,AA,
H-0538,F,AA,
H-0549,F,AA,
H-0503,F,AA,
H-0504,F,AA,
H-0547,M,AA,
H-0552,F,AA,
H-0551,F,AA,
H-0550,M,AA,
H-0554,F,AS,
002/19/20,F,AA,
H-0535,F,AA,
H-0533,F,AA,
H-0555,F,AA,
,F,AS,
H-0557,M,AA,
H-0558,F,AS,
G-0890,F,AS,
G-0891,M,AS,
H-0540,M,AA,
,M,AS,
,M,AA,
H-0559,F,AS,
H-0561,M,AA,
H-0562,M,AA,
H-0546,M,AA,
H-0563,M,AA,
H-0485,M,AA,
H-0564,F,AA,
H-0565,F,AA,
H-0566,M,AA,
G-0894,F,AA,
H-0567,M,AA,
H-0331,M,AS,
G-0895,F,AA,
H-0543,M,AS,
H-0568,M,AA,
H-0569,M,AA,
H-0571,M,AA,
H-0572,F,AA,
H-0573,F,AA,
H-0570,F,AA,
H-0575,M,AA,
G-0897,M,AS,
G-0896,F,AA,
H-0578,F,AA,
G-0898,F,AA,
H-0582,M,AA,
H-0580,M,AA,
H-0584,M,AA,
H-0583,M,AA,
H-0577,F,AS,
G-0899,F,AA,
005/19/20,F,AA,
H-0585,M,AA,
006/19/20,F,AA,
G-0900,M,AA,
H-0579,F,AA,
H-0589,F,AA,
H-0586,F,AA,
033/19/20,F,AA,
004/19/20,F,AA,
013/19/20,F,AA,
011/19/20,F,AA,
H-0581,M,AS,
H-0590,F,AA,
015/19/20,F,AA,
017/19/20,F,AA,
H-0592,F,AA,
H-0593,M,AA,
H-0591,F,AS,
H-0595,M,AS,
H-0594,M,AA,
H-0587,F,AA,
016/19/20,,AA,
H-0597,F,AS,
H-0596,F,AS,
H-0598,F,AS,
H-0604,M,AA,
H-0604,M,AA,
H-0601,F,AA,
H-0602,F,AA,
F-1211,M,AA,
F-1210,M,AA,
H-0605,F,AA,
H-0606,F,AS,
H-0607,F,AA,
H-0607,M,AS,
H-0603,F,AA,
H-0609,F,AC,
H-0610,F,AA,
007/19/20,M,AA,
H-0611,M,SC,
H-0612,F,AA,
H-0613,M,AA,
H-0614,F,AA,
H-0615,F,AA,
H-0616,F,AS,
H-0617,F,AA,
H-0618,M,AA,
H-0619,F,AA,
022/19/20,F,AA,
G-0903,M,AA,
H-0620,F,AA,
H-0599,F,AA,
G-0902,F,AS,
G-0904,M,AA,
H-0623,F,AA,
023/19/20,F,AA,
H-0625,F,AA,
H-0624,F,AA,
H-0627,F,AA,
H-0681,,AA,
H-0632,M,AA,
H-0629,M,AA,
,F,AA,
,,,
,M,AA,
,F,AA,
H-0634,F,AA,
H-0633,F,AA,
H-0635,M,AA,
H-0636,F,AA,
H-0637,F,AA,
024/19/20,F,AA,
H-0638,M,AA,
E-0990,F,AA,
H-0626,F,AA,
H-0640,,,
H-0641,,,
018/19/20,,,
035/19/20,,,
H-0642,,,
P.G.045,,,
H-0644,,,
H-0643,,,
H-0645,,,
H-0622,,,
H-0628,,,
H-0647,,,
H-0648,,,
027/19/20,,,
028/19/20,,,
H-0650,,,
G-0910,,,
H-0653,,,
030/19/20,,,
H-0655,,,
G-0900,,,
H-0657,,,
,M,AA,
F-1199,M,SS,
H-0651,M,AA,
H-0621,F,AS,
H-0658,F,AA,
F-1217,M,AA,
019/19/20,F,AA,
026/19/20,F,AA,
H-0659,M,AS,
G-0914,M,AA,
H-0060,F,AA,
H-0661,F,AA,
H-0662,M,AA,
H-0663,F,AA,
G-0915,M,AA,
H-0664,F,AA,
G-0916,M,AA,
H-0668,F,AA,
G-0917,M,AS,
H-0668,M,AA,
H-0656,F,AA,
H-0669,M,AS,
H-0672,M,AS,
H-0673,M,AA,
H-0671,M,AS,
G-0918,M,AA,
H-0674,M,AA,
H-0666,F,AS,
H-0675,M,AS,
H-0676,F,AA,
H-0677,F,AA,
P.G.047,F,AA,
G-0920,F,AA,
H-0678,F,AS,
G-0921,M,AS,
G-0922,F,AC,
H-0679,M,AA,
G-0923,M,AA,
H-0681,F,AA,
H-0680,F,AA,
,F,AA,
H-0683,M,AA,
H-0684,F,AA,
H-0670,F,AA,
G-0934,F,AA,
G-0926,F,AS,
033/19/20,F,AS,
H-0685,M,AA,
H-0686,F,AA,
H-0687,F,AA,
G-0928,M,AA,
G-0929,F,AA,
H-0690,F,AA,
034/19/20,M,AA,
035/19/20,M,AA,
036/19/20,F,AA,
P.G.049,F,AS,
035/19/20,M,AA,
G-0932,F,AA,
G-0933,F,AA,
037/19/20,M,AA,
G-0934,F,AA,
P.G.050,F,AA,
H-0692,F,AA,
H-0694,M,AA,
H-0693,M,AA,
H-0695,M,AA,
H-0696,M,AA,
H-0691,F,AS,
H-0697,M,AA,
H-0698,M,AA,
G-0935,F,AA,
H-0699,F,AA,
032/19/20,F,AA,
G-0936,F,AA,
P.G.051,M,AA,
E-1196,F,AA,
039/19/20,F,SS,
H-0701,M,AS,
E-1191,F,AA,
H-0703,F,AA,
H-0704,F,AA,
H-0654,M,AA,
F-1192,M,AA,
,,,
